name,website
WeWork,wework.com
Regus,regus.com
Spaces,spaces.com
The Yard,theyard.com
Convene,convene.com
Industrious,industrious.com
Serendipity Labs,serendipitylabs.com
TechSpace,techspace.com
The Wing,the-wing.com
Knotel,knotel.com
Breather,breather.com
WorkVille,workville.com
Novel Coworking,novelcoworking.com
The Hive,thehivebklyn.com
NeueHouse,neuehouse.com
Croissant,getcroissant.com
LiquidSpace,liquidspace.com
Deskpass,deskpass.com
Mindspace,mindspace.me
TOG,tog.ie
LABS,labs.com
Second Home,secondhome.io
The Office Group,theofficegroup.co.uk
Workspace,workspace.co.uk
Central Working,centralworking.com
Club Workspace,clubworkspace.com
Huckletree,huckletree.com
Fora,foraspace.com
Landmark,landmark.co.uk
Citypoint,citypointlondon.com
The Boutique Workplace Company,theboutiqueworkplacecompany.com
Clockwise,clockwise.co.uk
Uncommon,uncommon.co.uk
Orega,orega.com
BE Offices,beoffices.co.uk
Workspace Group,workspace.co.uk
Serviced Office Group,serviced-office-group.com
Enterprise Workplaces,enterpriseworkplaces.com
Landmark Space,landmarkspace.co.uk
Central Park Office,centralparkoffice.com